<?xml version="1.0" encoding="UTF-8"?>
<project-private xmlns="http://www.netbeans.org/ns/project-private/1">
    <editor-bookmarks xmlns="http://www.netbeans.org/ns/editor-bookmarks/2" lastBookmarkId="0"/>
    <open-files xmlns="http://www.netbeans.org/ns/projectui-open-files/2">
        <group>
            <file>file:/C:/Users/hp/Documents/NetBeansProjects/Library_Management_System/src/library/Login.java</file>
            <file>file:/C:/Users/hp/Documents/NetBeansProjects/Library_Management_System/src/library/DBConnection.java</file>
            <file>file:/C:/Users/hp/Documents/NetBeansProjects/Library_Management_System/src/library/HomePage.java</file>
            <file>file:/C:/Users/hp/Documents/NetBeansProjects/Library_Management_System/src/library/SIgnupPage.java</file>
            <file>file:/C:/Users/hp/Documents/NetBeansProjects/Library_Management_System/src/library/IssueBook.java</file>
            <file>file:/C:/Users/hp/Documents/NetBeansProjects/Library_Management_System/src/library/ViewAllRecord.java</file>
            <file>file:/C:/Users/hp/Documents/NetBeansProjects/Library_Management_System/src/library/ManageStudent.java</file>
            <file>file:/C:/Users/hp/Documents/NetBeansProjects/Library_Management_System/src/library/IssueBookDetails.java</file>
            <file>file:/C:/Users/hp/Documents/NetBeansProjects/Library_Management_System/src/library/ManageBooks.java</file>
            <file>file:/C:/Users/hp/Documents/NetBeansProjects/Library_Management_System/src/library/DefaulterList.java</file>
            <file>file:/C:/Users/hp/Documents/NetBeansProjects/Library_Management_System/src/library/ReturnBook.java</file>
        </group>
    </open-files>
</project-private>
